{
    "ObjArchives": [
        {
            "archive": "archive.0/_14253_archive_1.a",
            "objects": [
                [
                    "reYIK_d.o",
                    35276
                ],
                [
                    "GUZuh_d.o",
                    23382
                ],
                [
                    "F6ztH_d.o",
                    35806
                ],
                [
                    "amcQwB.o",
                    109024
                ]
            ],
            "size": 203488
        }
    ],
    "Modules": {
        "...MASTER...": {
            "start_perf": [
                0.40920901298522949,
                0.038143000000000003,
                0.050856999999999999,
                275672,
                289564,
                1712305501.762573,
                1099166826094233
            ],
            "child_modules": {
                "AHB_SRAM_tb": 1,
                "std": 1
            },
            "end_perf": [
                0.41138100624084473,
                0.038143000000000003,
                0.053033999999999998,
                277520,
                289564,
                1099166830224434,
                0,
                0
            ],
            "nMops": 0,
            "nQuads": 0,
            "nRouts": 5
        },
        "std": {
            "start_perf": [
                0.41144108772277832,
                0.038143000000000003,
                0.053094000000000002,
                277520,
                289564,
                1712305501.7648051,
                1099166830331309
            ],
            "child_modules": {},
            "Compiled": "Yes",
            "num_classes": 6,
            "nQuads": 218,
            "nMops": 472,
            "Compiled Times": 1,
            "end_perf": [
                0.41657304763793945,
                0.041882999999999997,
                0.054448000000000003,
                282252,
                289564,
                1099166840072077,
                0,
                0
            ],
            "svclass": [
                "$vcs_nba_dyn_obj",
                385,
                37,
                2,
                2,
                0,
                0,
                "sigprop$$",
                385,
                37,
                2,
                2,
                0,
                0,
                "process",
                1645,
                184,
                8,
                8,
                0,
                0,
                "event",
                462,
                36,
                2,
                2,
                0,
                0,
                "mailbox",
                912,
                107,
                9,
                9,
                0,
                0,
                "semaphore",
                672,
                71,
                5,
                5,
                0,
                0
            ],
            "nRouts": 33
        },
        "bist_sram": {
            "start_perf": [
                0.4166100025177002,
                0.041898999999999999,
                0.054468999999999997,
                282252,
                289564,
                1712305501.769974,
                1099166840129343
            ],
            "child_modules": {},
            "Compiled": "Yes",
            "nMops": 1311,
            "nQuads": 522,
            "Compiled Times": 1,
            "end_perf": [
                0.42403101921081543,
                0.049320000000000003,
                0.054468999999999997,
                283916,
                289564,
                1099166854215031,
                1101091304006869,
                0
            ],
            "nRouts": 47
        },
        "AHB_SRAM_tb": {
            "start_perf": [
                0.42406105995178223,
                0.049349999999999998,
                0.054468999999999997,
                283916,
                289564,
                1712305501.7774251,
                1099166854261486
            ],
            "child_modules": {
                "bist_sram": 8
            },
            "Compiled": "Yes",
            "nMops": 2992,
            "nQuads": 1033,
            "Compiled Times": 1,
            "end_perf": [
                0.43557596206665039,
                0.060865000000000002,
                0.054468999999999997,
                283916,
                289564,
                1099166876110821,
                5505310149490627,
                0
            ],
            "nRouts": 91
        }
    },
    "CompUnits": {
        "amcQw_d": {
            "bytes": 7660,
            "mod": "...MASTER...",
            "out": "objs/amcQw_d.o",
            "text": 434,
            "mode": 4,
            "checksum": 0
        },
        "F6ztH_d": {
            "bytes": 35806,
            "mod": "AHB_SRAM_tb",
            "archive": "archive.0/_14253_archive_1.a",
            "out": "F6ztH_d.o",
            "text": 16282,
            "mode": 4,
            "checksum": 0
        },
        "reYIK_d": {
            "bytes": 35276,
            "mod": "std",
            "archive": "archive.0/_14253_archive_1.a",
            "out": "reYIK_d.o",
            "text": 4742,
            "cls": 4461,
            "mode": 4,
            "checksum": 0
        },
        "GUZuh_d": {
            "bytes": 23382,
            "mod": "bist_sram",
            "archive": "archive.0/_14253_archive_1.a",
            "out": "GUZuh_d.o",
            "text": 7798,
            "mode": 4,
            "checksum": 0
        }
    },
    "reusePaths": {},
    "stat": {
        "ru_self_end": {
            "ru_nvcsw": 153,
            "ru_maxrss_kb": 117052,
            "ru_utime_sec": 0.062420000000000003,
            "ru_stime_sec": 0.056444000000000001,
            "ru_minflt": 12581,
            "ru_majflt": 0,
            "ru_nivcsw": 5
        },
        "ru_childs_end": {
            "ru_nvcsw": 26,
            "ru_maxrss_kb": 22256,
            "ru_utime_sec": 0.027962000000000001,
            "ru_stime_sec": 0.019392,
            "ru_minflt": 6122,
            "ru_majflt": 0,
            "ru_nivcsw": 3
        },
        "cpu_cycles_end": 1099166882764602,
        "peak_mem_kb": 289564
    }
}