{
    "Modules": {
        "AHB_SRAM_tb": {
            "start_perf": [
                0.49218010902404785,
                0.080800999999999998,
                0.042324000000000001,
                283916,
                289560,
                1712326385.2139211,
                1138771162154993
            ],
            "nMops": 2983,
            "end_perf": [
                0.50578904151916504,
                0.093757999999999994,
                0.042972000000000003,
                283916,
                289560,
                1138771188006735,
                5505318739425219,
                0
            ],
            "child_modules": {
                "bist_sram": 8
            },
            "nRouts": 92,
            "Compiled": "Yes",
            "nQuads": 1028,
            "Compiled Times": 1
        },
        "std": {
            "start_perf": [
                0.47865915298461914,
                0.068032999999999996,
                0.041576000000000002,
                278028,
                289560,
                1712326385.2004001,
                1138771136495930
            ],
            "nMops": 472,
            "child_modules": {},
            "end_perf": [
                0.48428511619567871,
                0.072975999999999999,
                0.042249000000000002,
                282252,
                289560,
                1138771147182328,
                0,
                0
            ],
            "nRouts": 33,
            "Compiled": "Yes",
            "svclass": [
                "$vcs_nba_dyn_obj",
                385,
                37,
                2,
                2,
                0,
                0,
                "sigprop$$",
                385,
                37,
                2,
                2,
                0,
                0,
                "process",
                1645,
                184,
                8,
                8,
                0,
                0,
                "event",
                462,
                36,
                2,
                2,
                0,
                0,
                "mailbox",
                912,
                107,
                9,
                9,
                0,
                0,
                "semaphore",
                672,
                71,
                5,
                5,
                0,
                0
            ],
            "nQuads": 218,
            "Compiled Times": 1,
            "num_classes": 6
        },
        "...MASTER...": {
            "start_perf": [
                0.47581911087036133,
                0.065498000000000001,
                0.041264000000000002,
                275668,
                289560,
                1712326385.1975601,
                1138771131122046
            ],
            "nMops": 0,
            "end_perf": [
                0.47857904434204102,
                0.067979999999999999,
                0.041542999999999997,
                278028,
                289560,
                1138771136359852,
                0,
                0
            ],
            "child_modules": {
                "std": 1,
                "AHB_SRAM_tb": 1
            },
            "nQuads": 0,
            "nRouts": 5
        },
        "bist_sram": {
            "start_perf": [
                0.48432612419128418,
                0.073005,
                0.042265999999999998,
                282252,
                289560,
                1712326385.2060671,
                1138771147242235
            ],
            "nMops": 1382,
            "end_perf": [
                0.49213409423828125,
                0.080767000000000005,
                0.042306000000000003,
                283916,
                289560,
                1138771162086365,
                1101091304006869,
                0
            ],
            "child_modules": {},
            "nRouts": 44,
            "Compiled": "Yes",
            "nQuads": 520,
            "Compiled Times": 1
        }
    },
    "stat": {
        "ru_self_end": {
            "ru_minflt": 12553,
            "ru_utime_sec": 0.096115000000000006,
            "ru_nvcsw": 153,
            "ru_stime_sec": 0.046135000000000002,
            "ru_majflt": 0,
            "ru_maxrss_kb": 117276,
            "ru_nivcsw": 5
        },
        "ru_childs_end": {
            "ru_minflt": 6122,
            "ru_utime_sec": 0.026967999999999999,
            "ru_nvcsw": 26,
            "ru_stime_sec": 0.030058999999999999,
            "ru_majflt": 0,
            "ru_maxrss_kb": 22248,
            "ru_nivcsw": 0
        },
        "peak_mem_kb": 289560,
        "cpu_cycles_end": 1138771198504007
    },
    "CompUnits": {
        "amcQw_d": {
            "out": "objs/amcQw_d.o",
            "mod": "...MASTER...",
            "mode": 4,
            "bytes": 7660,
            "text": 434,
            "checksum": 0
        },
        "F6ztH_d": {
            "out": "F6ztH_d.o",
            "mod": "AHB_SRAM_tb",
            "mode": 4,
            "bytes": 35766,
            "text": 16234,
            "checksum": 0,
            "archive": "archive.0/_30016_archive_1.a"
        },
        "reYIK_d": {
            "out": "reYIK_d.o",
            "mod": "std",
            "mode": 4,
            "bytes": 35276,
            "text": 4742,
            "checksum": 0,
            "cls": 4461,
            "archive": "archive.0/_30016_archive_1.a"
        },
        "GUZuh_d": {
            "out": "GUZuh_d.o",
            "mod": "bist_sram",
            "mode": 4,
            "bytes": 23430,
            "text": 8014,
            "checksum": 0,
            "archive": "archive.0/_30016_archive_1.a"
        }
    },
    "reusePaths": {},
    "ObjArchives": [
        {
            "objects": [
                [
                    "reYIK_d.o",
                    35276
                ],
                [
                    "GUZuh_d.o",
                    23430
                ],
                [
                    "F6ztH_d.o",
                    35766
                ],
                [
                    "amcQwB.o",
                    109024
                ]
            ],
            "archive": "archive.0/_30016_archive_1.a",
            "size": 203496
        }
    ]
}